<?xml version="1.0" encoding="UTF-8" standalone="yes"?>
<messages>

    <message>
        <deadline>180</deadline>
        <shutdown>1</shutdown>
        <text>server restarts in #tmin minutes.</text>
    </message>
    <message>
        <repeat>25</repeat>
        <text>(#name). Discord -- https://discord.gg/HztMcMykN7</text>
    </message>
    <message>
        <delay>1</delay>
        <onconnect>1</onconnect>
        <text>#name  Discord -- https://discord.gg/HztMcMykN7</text>
    </message>
	<message>
        <delay>5</delay>
        <onconnect>1</onconnect>
        <text>You can use radio frequecy 87.8 MHz for Global Voice Chat to reach other players in game</text>
    </message>	
	<message>
        <delay>10</delay>
        <onconnect>1</onconnect>
        <text>Map is work in progress - report issues in Discord - vehicles spawn 90% ready to Drive- Thanks :)</text>
    </message>

</messages>