<?xml version="1.0" encoding="UTF-8"?>
<territory-type>
    <territory color="4278190080">
        <zone name="Zone_hare" smin="0" smax="0" dmin="0" dmax="0" x="3715.71" z="13097.1" r="500"/>
        <zone name="Zone_hare" smin="0" smax="0" dmin="0" dmax="0" x="3861.43" z="11318.6" r="500"/>
    </territory>
    <territory color="4278190080">
        <zone name="Zone_hare" smin="0" smax="0" dmin="0" dmax="0" x="4902.86" z="2468.57" r="200"/>
        <zone name="Zone_hare" smin="0" smax="0" dmin="0" dmax="0" x="5181.43" z="1770" r="200"/>
        <zone name="Zone_hare" smin="0" smax="0" dmin="0" dmax="0" x="4084.29" z="1967.14" r="200"/>
        <zone name="Zone_hare" smin="0" smax="0" dmin="0" dmax="0" x="4230" z="2875.71" r="200"/>
    </territory>
    <territory color="4278190080">
        <zone name="Zone_hare" smin="0" smax="0" dmin="0" dmax="0" x="7110" z="13487.1" r="500"/>
        <zone name="Zone_hare" smin="0" smax="0" dmin="0" dmax="0" x="7864.29" z="14798.6" r="500"/>
        <zone name="Zone_hare" smin="0" smax="0" dmin="0" dmax="0" x="3925.71" z="13487.1" r="500"/>
    </territory>
    <territory color="4278190080">
        <zone name="Zone_hare" smin="0" smax="0" dmin="0" dmax="0" x="2382.86" z="11142.9" r="500"/>
        <zone name="Zone_hare" smin="0" smax="0" dmin="0" dmax="0" x="1122.86" z="11498.6" r="500"/>
        <zone name="Zone_hare" smin="0" smax="0" dmin="0" dmax="0" x="1037.14" z="12835.7" r="500"/>
        <zone name="Zone_hare" smin="0" smax="0" dmin="0" dmax="0" x="3372.86" z="12745.7" r="500"/>
    </territory>
    <territory color="4278190080">
        <zone name="Zone_hare" smin="0" smax="0" dmin="0" dmax="0" x="3390" z="7217.14" r="500"/>
    </territory>
    <territory color="4278190080">
        <zone name="Zone_hare" smin="0" smax="0" dmin="0" dmax="0" x="3222.86" z="7191.43" r="500"/>
        <zone name="Zone_hare" smin="0" smax="0" dmin="0" dmax="0" x="1200" z="8091.43" r="500"/>
        <zone name="Zone_hare" smin="0" smax="0" dmin="0" dmax="0" x="2957.14" z="8785.71" r="500"/>
    </territory>
    <territory color="4278190080">
        <zone name="Zone_hare" smin="0" smax="0" dmin="0" dmax="0" x="2177.14" z="4392.86" r="500"/>
        <zone name="Zone_hare" smin="0" smax="0" dmin="0" dmax="0" x="3407.14" z="5751.43" r="500"/>
        <zone name="Zone_hare" smin="0" smax="0" dmin="0" dmax="0" x="617.143" z="5391.43" r="500"/>
    </territory>
    <territory color="4278190080">
        <zone name="Zone_hare" smin="0" smax="0" dmin="0" dmax="0" x="2982.86" z="2708.57" r="500"/>
        <zone name="Zone_hare" smin="0" smax="0" dmin="0" dmax="0" x="1868.57" z="3745.71" r="500"/>
        <zone name="Zone_hare" smin="0" smax="0" dmin="0" dmax="0" x="1392.86" z="2078.57" r="500"/>
    </territory>
    <territory color="4278190080">
        <zone name="Zone_hare" smin="0" smax="0" dmin="0" dmax="0" x="10097.1" z="1157.14" r="500"/>
        <zone name="Zone_hare" smin="0" smax="0" dmin="0" dmax="0" x="11545.7" z="4868.57" r="500"/>
        <zone name="Zone_hare" smin="0" smax="0" dmin="0" dmax="0" x="8507.14" z="6938.57" r="500"/>
    </territory>
    <territory color="4278190080">
        <zone name="Zone_hare" smin="0" smax="0" dmin="0" dmax="0" x="6231.43" z="3347.14" r="500"/>
        <zone name="Zone_hare" smin="0" smax="0" dmin="0" dmax="0" x="7422.86" z="2327.14" r="500"/>
        <zone name="Zone_hare" smin="0" smax="0" dmin="0" dmax="0" x="8155.71" z="3655.71" r="500"/>
        <zone name="Zone_hare" smin="0" smax="0" dmin="0" dmax="0" x="4967.14" z="1054.29" r="500"/>
    </territory>
    <territory color="4278190080">
        <zone name="Zone_hare" smin="0" smax="0" dmin="0" dmax="0" x="5670" z="6171.43" r="500"/>
        <zone name="Zone_hare" smin="0" smax="0" dmin="0" dmax="0" x="6801.43" z="5502.86" r="500"/>
        <zone name="Zone_hare" smin="0" smax="0" dmin="0" dmax="0" x="8220" z="6432.86" r="500"/>
    </territory>
    <territory color="4278190080">
        <zone name="Zone_hare" smin="0" smax="0" dmin="0" dmax="0" x="3848.57" z="12690" r="500"/>
        <zone name="Zone_hare" smin="0" smax="0" dmin="0" dmax="0" x="4435.71" z="10671.4" r="500"/>
        <zone name="Zone_hare" smin="0" smax="0" dmin="0" dmax="0" x="4812.86" z="8635.71" r="500"/>
    </territory>
    <territory color="3002332147">
        <zone name="Zone_hare" smin="5" smax="10" dmin="0" dmax="0" x="3111.43" z="1080" r="400"/>
        <zone name="Zone_hare" smin="0" smax="0" dmin="0" dmax="0" x="4362.86" z="1761.43" r="100"/>
        <zone name="Zone_hare" smin="0" smax="0" dmin="0" dmax="0" x="4418.57" z="600" r="100"/>
    </territory>
    <territory color="4278190080">
        <zone name="Zone_hare" smin="0" smax="0" dmin="0" dmax="0" x="5931.43" z="6870" r="500"/>
    </territory>
    <territory color="4278190080">
        <zone name="Zone_hare" smin="0" smax="0" dmin="0" dmax="0" x="5305.71" z="8798.57" r="500"/>
        <zone name="Zone_hare" smin="0" smax="0" dmin="0" dmax="0" x="4302.86" z="7937.14" r="500"/>
    </territory>
</territory-type>
