<?xml version="1.0" encoding="UTF-8"?>
<territory-type>
    <territory color="4294945280">
        <zone name="HuntingGround" smin="0" smax="0" dmin="0" dmax="0" x="5280" z="12984" r="200"/>
        <zone name="HuntingGround" smin="0" smax="0" dmin="0" dmax="0" x="5790" z="11868" r="200"/>
        <zone name="HuntingGround" smin="0" smax="0" dmin="0" dmax="0" x="6372" z="12636" r="200"/>
        <zone name="Rest" smin="0" smax="0" dmin="0" dmax="0" x="5136" z="13764" r="200"/>
        <zone name="HuntingGround" smin="0" smax="0" dmin="0" dmax="0" x="4926" z="12144" r="200"/>
        <zone name="Rest" smin="0" smax="0" dmin="0" dmax="0" x="5874" z="11226" r="200"/>
        <zone name="Rest" smin="0" smax="0" dmin="0" dmax="0" x="5832" z="12636" r="200"/>
        <zone name="Rest" smin="0" smax="0" dmin="0" dmax="0" x="5778" z="13152" r="100"/>
    </territory>
    <territory color="4294967040">
        <zone name="Rest" smin="0" smax="0" dmin="0" dmax="0" x="9864" z="14502" r="200"/>
        <zone name="Rest" smin="0" smax="0" dmin="0" dmax="0" x="12168" z="13866" r="200"/>
        <zone name="HuntingGround" smin="0" smax="0" dmin="0" dmax="0" x="11244" z="12822" r="200"/>
        <zone name="Rest" smin="0" smax="0" dmin="0" dmax="0" x="9474" z="12342" r="200"/>
        <zone name="Rest" smin="0" smax="0" dmin="0" dmax="0" x="8862" z="13536" r="200"/>
        <zone name="Rest" smin="0" smax="0" dmin="0" dmax="0" x="10290" z="13782" r="200"/>
        <zone name="HuntingGround" smin="0" smax="0" dmin="0" dmax="0" x="11448" z="13572" r="200"/>
        <zone name="HuntingGround" smin="0" smax="0" dmin="0" dmax="0" x="10236" z="11874" r="200"/>
        <zone name="HuntingGround" smin="0" smax="0" dmin="0" dmax="0" x="9930" z="13014" r="200"/>
        <zone name="HuntingGround" smin="0" smax="0" dmin="0" dmax="0" x="8424" z="14088" r="200"/>
        <zone name="HuntingGround" smin="0" smax="0" dmin="0" dmax="0" x="8886" z="12750" r="200"/>
        <zone name="HuntingGround" smin="0" smax="0" dmin="0" dmax="0" x="11028" z="14514" r="200"/>
        <zone name="HuntingGround" smin="0" smax="0" dmin="0" dmax="0" x="10704" z="12390" r="200"/>
    </territory>
    <territory color="4294901760">
        <zone name="HuntingGround" smin="0" smax="0" dmin="0" dmax="0" x="8764.29" z="10277.1" r="200"/>
        <zone name="HuntingGround" smin="0" smax="0" dmin="0" dmax="0" x="7354.29" z="10808.6" r="200"/>
        <zone name="HuntingGround" smin="0" smax="0" dmin="0" dmax="0" x="6458.57" z="10272.9" r="200"/>
        <zone name="HuntingGround" smin="0" smax="0" dmin="0" dmax="0" x="8421.43" z="9115.71" r="200"/>
        <zone name="Rest" smin="0" smax="0" dmin="0" dmax="0" x="9582.86" z="9617.14" r="200"/>
        <zone name="Rest" smin="0" smax="0" dmin="0" dmax="0" x="8155.71" z="10941.4" r="200"/>
        <zone name="Rest" smin="0" smax="0" dmin="0" dmax="0" x="7728" z="8718" r="200"/>
        <zone name="Rest" smin="0" smax="0" dmin="0" dmax="0" x="7032" z="9600" r="200"/>
        <zone name="Rest" smin="0" smax="0" dmin="0" dmax="0" x="9636" z="10668" r="200"/>
    </territory>
    <territory color="4291611852">
        <zone name="Rest" smin="0" smax="0" dmin="0" dmax="0" x="6427.5" z="15075" r="200"/>
        <zone name="HuntingGround" smin="0" smax="0" dmin="0" dmax="0" x="3682.5" z="15191.3" r="200"/>
        <zone name="HuntingGround" smin="0" smax="0" dmin="0" dmax="0" x="13310" z="2633.33" r="200"/>
        <zone name="HuntingGround" smin="0" smax="0" dmin="0" dmax="0" x="13983.3" z="1836.67" r="200"/>
        <zone name="HuntingGround" smin="0" smax="0" dmin="0" dmax="0" x="13310" z="3653.33" r="200"/>
        <zone name="HuntingGround" smin="0" smax="0" dmin="0" dmax="0" x="14076.7" z="3143.33" r="200"/>
        <zone name="Rest" smin="0" smax="0" dmin="0" dmax="0" x="14590" z="2476.67" r="200"/>
        <zone name="HuntingGround" smin="0" smax="0" dmin="0" dmax="0" x="14196.7" z="3803.33" r="200"/>
        <zone name="HuntingGround" smin="0" smax="0" dmin="0" dmax="0" x="12773.3" z="1916.67" r="200"/>
        <zone name="HuntingGround" smin="0" smax="0" dmin="0" dmax="0" x="13750" z="526.667" r="200"/>
        <zone name="HuntingGround" smin="0" smax="0" dmin="0" dmax="0" x="12136.7" z="2573.33" r="200"/>
        <zone name="HuntingGround" smin="0" smax="0" dmin="0" dmax="0" x="12503.3" z="3310" r="200"/>
    </territory>
    <territory color="4294917787">
        <zone name="Rest" smin="0" smax="0" dmin="0" dmax="0" x="1278" z="7014" r="100"/>
        <zone name="Rest" smin="0" smax="0" dmin="0" dmax="0" x="1230" z="7260" r="100"/>
        <zone name="HuntingGround" smin="0" smax="0" dmin="0" dmax="0" x="1488" z="7134" r="150"/>
        <zone name="Rest" smin="0" smax="0" dmin="0" dmax="0" x="1176" z="6864" r="100"/>
        <zone name="HuntingGround" smin="0" smax="0" dmin="0" dmax="0" x="1020" z="7206" r="150"/>
        <zone name="HuntingGround" smin="0" smax="0" dmin="0" dmax="0" x="1470" z="6792" r="150"/>
    </territory>
    <territory color="4278190080">
        <zone name="HuntingGround" smin="0" smax="0" dmin="0" dmax="0" x="2280" z="14265" r="200"/>
        <zone name="HuntingGround" smin="0" smax="0" dmin="0" dmax="0" x="975" z="14430" r="200"/>
        <zone name="HuntingGround" smin="0" smax="0" dmin="0" dmax="0" x="1920" z="14865" r="200"/>
        <zone name="HuntingGround" smin="0" smax="0" dmin="0" dmax="0" x="465" z="14880" r="200"/>
        <zone name="HuntingGround" smin="0" smax="0" dmin="0" dmax="0" x="2520" z="13545" r="200"/>
        <zone name="HuntingGround" smin="0" smax="0" dmin="0" dmax="0" x="2220" z="13020" r="200"/>
    </territory>
</territory-type>
