<?xml version="1.0" encoding="UTF-8"?>
<territory-type>
    <territory color="1910952871"/>
    <territory color="1102461653">
        <zone name="InfectedIndustrial" smin="0" smax="0" dmin="8" dmax="11" x="3930" z="3514.29" r="100"/>
        <zone name="InfectedIndustrial" smin="0" smax="0" dmin="8" dmax="11" x="4266.43" z="3657.86" r="100"/>
        <zone name="InfectedIndustrial" smin="0" smax="0" dmin="8" dmax="11" x="7563.43" z="2155.71" r="200"/>
        <zone name="InfectedIndustrial" smin="0" smax="0" dmin="8" dmax="11" x="7329.86" z="1977" r="200"/>
        <zone name="InfectedIndustrial" smin="0" smax="0" dmin="8" dmax="11" x="6936.43" z="1703.57" r="100"/>
        <zone name="InfectedIndustrial" smin="0" smax="0" dmin="8" dmax="11" x="6595.71" z="1632.86" r="100"/>
        <zone name="InfectedIndustrial" smin="0" smax="0" dmin="8" dmax="11" x="7144.67" z="1830" r="150"/>
        <zone name="InfectedIndustrial" smin="0" smax="0" dmin="8" dmax="11" x="7213.33" z="1603.33" r="100"/>
        <zone name="InfectedIndustrial" smin="0" smax="0" dmin="8" dmax="11" x="5356.67" z="2623.33" r="100"/>
        <zone name="InfectedIndustrial" smin="0" smax="0" dmin="8" dmax="11" x="5536.67" z="2343.33" r="100"/>
        <zone name="InfectedIndustrial" smin="0" smax="0" dmin="8" dmax="11" x="6783.33" z="3553.33" r="100"/>
        <zone name="InfectedIndustrial" smin="0" smax="0" dmin="8" dmax="11" x="5860" z="4985" r="100"/>
        <zone name="InfectedIndustrial" smin="0" smax="0" dmin="8" dmax="11" x="7825" z="7165" r="100"/>
        <zone name="InfectedIndustrial" smin="0" smax="0" dmin="8" dmax="11" x="5115" z="6235" r="100"/>
        <zone name="InfectedIndustrial" smin="0" smax="0" dmin="8" dmax="11" x="4930" z="6525" r="100"/>
        <zone name="InfectedIndustrial" smin="0" smax="0" dmin="2" dmax="4" x="246" z="5112" r="50"/>
        <zone name="InfectedIndustrial" smin="0" smax="0" dmin="4" dmax="8" x="9270" z="1530" r="100"/>
        <zone name="InfectedIndustrial" smin="0" smax="0" dmin="8" dmax="11" x="5820" z="9213.75" r="100"/>
        <zone name="InfectedIndustrial" smin="0" smax="0" dmin="8" dmax="11" x="5100" z="10256.3" r="100"/>
        <zone name="InfectedIndustrial" smin="0" smax="0" dmin="8" dmax="11" x="5002.5" z="10076.3" r="50"/>
        <zone name="InfectedIndustrial" smin="0" smax="0" dmin="2" dmax="4" x="4353.75" z="9746.25" r="50"/>
        <zone name="InfectedIndustrial" smin="0" smax="0" dmin="3" dmax="4" x="12480" z="1961.25" r="50"/>
        <zone name="InfectedIndustrial" smin="0" smax="0" dmin="2" dmax="4" x="3237.27" z="5961.82" r="50"/>
        <zone name="InfectedIndustrial" smin="0" smax="0" dmin="2" dmax="4" x="3073.64" z="5901.82" r="50"/>
        <zone name="InfectedIndustrial" smin="0" smax="0" dmin="2" dmax="4" x="2048.18" z="7865.45" r="50"/>
        <zone name="InfectedIndustrial" smin="0" smax="0" dmin="2" dmax="4" x="1969.09" z="7857.27" r="50"/>
        <zone name="InfectedIndustrial" smin="0" smax="0" dmin="2" dmax="4" x="1990.91" z="7933.64" r="50"/>
        <zone name="InfectedIndustrial" smin="0" smax="0" dmin="2" dmax="4" x="2116.36" z="7933.64" r="50"/>
        <zone name="InfectedIndustrial" smin="0" smax="0" dmin="2" dmax="4" x="1614.55" z="8037.27" r="50"/>
        <zone name="InfectedIndustrial" smin="0" smax="0" dmin="2" dmax="4" x="1584.55" z="8108.18" r="50"/>
        <zone name="InfectedIndustrial" smin="0" smax="0" dmin="2" dmax="4" x="1551.82" z="8053.64" r="50"/>
        <zone name="InfectedIndustrial" smin="0" smax="0" dmin="2" dmax="4" x="4112.73" z="3627.27" r="50"/>
        <zone name="InfectedIndustrial" smin="0" smax="0" dmin="2" dmax="4" x="4025.45" z="3441.82" r="50"/>
        <zone name="InfectedIndustrial" smin="0" smax="0" dmin="8" dmax="11" x="4777.06" z="4492.94" r="50"/>
        <zone name="InfectedIndustrial" smin="0" smax="0" dmin="2" dmax="4" x="1813.64" z="9714.55" r="50"/>
        <zone name="InfectedIndustrial" smin="0" smax="0" dmin="2" dmax="4" x="1884.55" z="9785.45" r="50"/>
        <zone name="InfectedIndustrial" smin="0" smax="0" dmin="2" dmax="4" x="1186.36" z="10017.3" r="50"/>
        <zone name="InfectedIndustrial" smin="0" smax="0" dmin="2" dmax="4" x="1150.91" z="10129.1" r="50"/>
        <zone name="InfectedIndustrial" smin="0" smax="0" dmin="2" dmax="4" x="1022.73" z="10903.6" r="50"/>
        <zone name="InfectedIndustrial" smin="0" smax="0" dmin="2" dmax="4" x="921.818" z="11053.6" r="50"/>
        <zone name="InfectedIndustrial" smin="0" smax="0" dmin="2" dmax="4" x="976.364" z="10985.5" r="50"/>
        <zone name="InfectedIndustrial" smin="0" smax="0" dmin="2" dmax="4" x="979.091" z="10775.5" r="50"/>
        <zone name="InfectedIndustrial" smin="0" smax="0" dmin="2" dmax="4" x="654.545" z="13478.2" r="50"/>
        <zone name="InfectedIndustrial" smin="0" smax="0" dmin="2" dmax="4" x="766.364" z="13464.5" r="50"/>
        <zone name="InfectedIndustrial" smin="0" smax="0" dmin="2" dmax="4" x="690" z="13396.4" r="50"/>
        <zone name="InfectedIndustrial" smin="0" smax="0" dmin="2" dmax="4" x="283.636" z="13565.5" r="50"/>
        <zone name="InfectedIndustrial" smin="0" smax="0" dmin="2" dmax="4" x="1371.82" z="3687.27" r="50"/>
        <zone name="InfectedIndustrial" smin="0" smax="0" dmin="2" dmax="4" x="1320" z="3831.82" r="50"/>
        <zone name="InfectedIndustrial" smin="0" smax="0" dmin="2" dmax="4" x="1183.64" z="3804.55" r="50"/>
        <zone name="InfectedIndustrial" smin="0" smax="0" dmin="2" dmax="4" x="793.636" z="3016.36" r="50"/>
        <zone name="InfectedIndustrial" smin="0" smax="0" dmin="2" dmax="4" x="924.545" z="2989.09" r="50"/>
        <zone name="InfectedIndustrial" smin="0" smax="0" dmin="2" dmax="4" x="5007.27" z="139.091" r="50"/>
        <zone name="InfectedIndustrial" smin="0" smax="0" dmin="2" dmax="4" x="5070" z="220.909" r="50"/>
        <zone name="InfectedIndustrial" smin="0" smax="0" dmin="2" dmax="4" x="5959.09" z="810" r="50"/>
        <zone name="InfectedIndustrial" smin="0" smax="0" dmin="2" dmax="4" x="6070.91" z="875.455" r="50"/>
        <zone name="InfectedIndustrial" smin="0" smax="0" dmin="2" dmax="4" x="6417.27" z="1156.36" r="50"/>
        <zone name="InfectedIndustrial" smin="0" smax="0" dmin="2" dmax="4" x="6346.36" z="1191.82" r="50"/>
        <zone name="InfectedIndustrial" smin="0" smax="0" dmin="2" dmax="4" x="5146.36" z="6381.82" r="50"/>
        <zone name="InfectedIndustrial" smin="0" smax="0" dmin="2" dmax="4" x="4980" z="6294.55" r="50"/>
        <zone name="InfectedIndustrial" smin="0" smax="0" dmin="2" dmax="4" x="4827.27" z="6455.45" r="50"/>
        <zone name="InfectedIndustrial" smin="0" smax="0" dmin="2" dmax="4" x="4519.09" z="3580.91" r="50"/>
        <zone name="InfectedIndustrial" smin="0" smax="0" dmin="2" dmax="4" x="4576.36" z="3455.45" r="50"/>
        <zone name="InfectedIndustrial" smin="0" smax="0" dmin="2" dmax="4" x="4170" z="3471.82" r="50"/>
        <zone name="InfectedIndustrial" smin="0" smax="0" dmin="2" dmax="4" x="3864.55" z="1262.73" r="50"/>
        <zone name="InfectedIndustrial" smin="0" smax="0" dmin="2" dmax="4" x="7265.71" z="13765.7" r="50"/>
        <zone name="InfectedIndustrial" smin="0" smax="0" dmin="2" dmax="4" x="7370" z="13721.4" r="50"/>
        <zone name="InfectedIndustrial" smin="0" smax="0" dmin="2" dmax="4" x="7487.14" z="13620" r="50"/>
        <zone name="InfectedIndustrial" smin="0" smax="0" dmin="2" dmax="4" x="7480" z="13717.1" r="50"/>
        <zone name="InfectedIndustrial" smin="0" smax="0" dmin="2" dmax="4" x="6788.57" z="12757.1" r="50"/>
        <zone name="InfectedIndustrial" smin="0" smax="0" dmin="2" dmax="4" x="7088.57" z="12267.1" r="50"/>
        <zone name="InfectedIndustrial" smin="0" smax="0" dmin="2" dmax="4" x="3927.14" z="13755.7" r="50"/>
        <zone name="InfectedIndustrial" smin="0" smax="0" dmin="2" dmax="4" x="1830" z="8959.09" r="50"/>
        <zone name="InfectedIndustrial" smin="0" smax="0" dmin="2" dmax="4" x="6605.45" z="15049.1" r="50"/>
        <zone name="InfectedIndustrial" smin="0" smax="0" dmin="2" dmax="4" x="6422.73" z="15054.5" r="50"/>
        <zone name="InfectedIndustrial" smin="0" smax="0" dmin="2" dmax="4" x="6523.64" z="15005.5" r="50"/>
    </territory>
    <territory color="2387830984">
        <zone name="InfectedMedic" smin="0" smax="0" dmin="1" dmax="2" x="3556.36" z="9919.09" r="50"/>
        <zone name="InfectedMedic" smin="0" smax="0" dmin="8" dmax="10" x="6070.91" z="1647.27" r="50"/>
        <zone name="InfectedMedic" smin="0" smax="0" dmin="5" dmax="6" x="5583.33" z="14420" r="50"/>
        <zone name="InfectedMedic" smin="0" smax="0" dmin="5" dmax="6" x="7191.82" z="12114.5" r="50"/>
    </territory>
    <territory color="1136576269">
        <zone name="InfectedCity" smin="0" smax="0" dmin="5" dmax="10" x="5522.73" z="2779.09" r="250"/>
        <zone name="InfectedCity" smin="0" smax="0" dmin="5" dmax="10" x="5844.55" z="2547.27" r="250"/>
        <zone name="InfectedCity" smin="0" smax="0" dmin="5" dmax="10" x="5787.27" z="2108.18" r="250"/>
        <zone name="InfectedCity" smin="0" smax="0" dmin="5" dmax="10" x="5822.73" z="1718.18" r="250"/>
        <zone name="InfectedCity" smin="0" smax="0" dmin="5" dmax="10" x="5923.64" z="1303.64" r="250"/>
        <zone name="InfectedCity" smin="0" smax="0" dmin="5" dmax="10" x="6013.64" z="1030.91" r="250"/>
        <zone name="InfectedCity" smin="0" smax="0" dmin="5" dmax="10" x="6324.55" z="1251.82" r="250"/>
        <zone name="InfectedCity" smin="0" smax="0" dmin="5" dmax="10" x="6676.36" z="1407.27" r="250"/>
        <zone name="InfectedCity" smin="0" smax="0" dmin="5" dmax="10" x="6253.64" z="1620" r="250"/>
        <zone name="InfectedCity" smin="0" smax="0" dmin="5" dmax="10" x="6144.55" z="2020.91" r="250"/>
        <zone name="InfectedCity" smin="0" smax="0" dmin="5" dmax="10" x="6139.09" z="2228.18" r="250"/>
        <zone name="InfectedCity" smin="0" smax="0" dmin="5" dmax="10" x="7148.18" z="1497.27" r="50"/>
        <zone name="InfectedCity" smin="0" smax="0" dmin="5" dmax="10" x="6387.27" z="1876.36" r="250"/>
    </territory>
    <territory color="4290483455"/>
    <territory color="1291845632"/>
    <territory color="4290351729"/>
    <territory color="4288247901"/>
    <territory color="1794965508">
        <zone name="InfectedPolice" smin="0" smax="0" dmin="8" dmax="11" x="6393.43" z="2087.14" r="50"/>
        <zone name="InfectedPolice" smin="0" smax="0" dmin="2" dmax="6" x="6393" z="5880" r="50"/>
        <zone name="InfectedPolice" smin="0" smax="0" dmin="8" dmax="11" x="4917" z="519" r="50"/>
        <zone name="InfectedPolice" smin="0" smax="0" dmin="2" dmax="6" x="4232.86" z="13648.6" r="50"/>
    </territory>
    <territory color="4292911615"/>
    <territory color="4289244426"/>
    <territory color="1790009876">
        <zone name="InfectedFirefighter" smin="0" smax="0" dmin="2" dmax="4" x="6528.95" z="1932.63" r="50"/>
        <zone name="InfectedFirefighter" smin="0" smax="0" dmin="2" dmax="4" x="4813.38" z="4964.04" r="50"/>
        <zone name="InfectedVillage" smin="0" smax="0" dmin="4" dmax="5" x="2880" z="6188.18" r="50"/>
        <zone name="InfectedFirefighter" smin="0" smax="0" dmin="2" dmax="4" x="6257.14" z="13914.3" r="50"/>
    </territory>
    <territory color="1124502272">
        <zone name="InfectedArmy" smin="0" smax="0" dmin="3" dmax="7" x="1427" z="14453" r="100"/>
        <zone name="InfectedArmy" smin="0" smax="0" dmin="3" dmax="7" x="3357.5" z="15185" r="80"/>
        <zone name="InfectedArmy" smin="0" smax="0" dmin="8" dmax="10" x="324.75" z="5910" r="100"/>
        <zone name="InfectedArmy" smin="0" smax="0" dmin="8" dmax="12" x="13818.8" z="3746.25" r="100"/>
        <zone name="InfectedArmy" smin="0" smax="0" dmin="5" dmax="6" x="13674.5" z="3647.57" r="82.5"/>
        <zone name="InfectedArmy" smin="0" smax="0" dmin="5" dmax="20" x="4905.53" z="4607.32" r="100"/>
        <zone name="InfectedArmy" smin="0" smax="0" dmin="5" dmax="12" x="6090" z="1196.67" r="50"/>
        <zone name="InfectedArmy" smin="0" smax="0" dmin="5" dmax="12" x="9090" z="3420" r="100"/>
        <zone name="InfectedArmy" smin="0" smax="0" dmin="5" dmax="12" x="8538.75" z="3011.25" r="100"/>
        <zone name="InfectedArmy" smin="0" smax="0" dmin="5" dmax="12" x="8737.5" z="2846.25" r="100"/>
        <zone name="InfectedArmy" smin="0" smax="0" dmin="5" dmax="20" x="8120" z="9836.67" r="200"/>
        <zone name="InfectedArmy" smin="0" smax="0" dmin="5" dmax="20" x="4872" z="5058" r="150"/>
        <zone name="InfectedArmy" smin="0" smax="0" dmin="5" dmax="6" x="7701" z="8986.5" r="50"/>
        <zone name="InfectedArmy" smin="0" smax="0" dmin="5" dmax="8" x="4818" z="4809" r="50"/>
        <zone name="InfectedArmy" smin="0" smax="0" dmin="5" dmax="15" x="8326.36" z="9938.18" r="100"/>
        <zone name="InfectedArmy" smin="0" smax="0" dmin="5" dmax="20" x="4954.66" z="4475.36" r="100"/>
        <zone name="InfectedArmy" smin="0" smax="0" dmin="5" dmax="20" x="4958.4" z="4831.2" r="100"/>
        <zone name="InfectedArmy" smin="0" smax="0" dmin="5" dmax="20" x="4938" z="5218.8" r="100"/>
        <zone name="InfectedArmy" smin="0" smax="0" dmin="5" dmax="20" x="4794" z="4812" r="100"/>
        <zone name="InfectedArmy" smin="0" smax="0" dmin="5" dmax="20" x="5041.84" z="4591.83" r="100"/>
        <zone name="InfectedArmy" smin="0" smax="0" dmin="8" dmax="10" x="1251.82" z="7281.82" r="50"/>
        <zone name="InfectedArmy" smin="0" smax="0" dmin="5" dmax="10" x="11708.2" z="15027.3" r="100"/>
        <zone name="InfectedArmy" smin="0" smax="0" dmin="5" dmax="10" x="11847.3" z="14915.5" r="100"/>
        <zone name="InfectedArmy" smin="0" smax="0" dmin="5" dmax="10" x="12049.1" z="14997.3" r="50"/>
        <zone name="InfectedArmy" smin="0" smax="0" dmin="5" dmax="10" x="12171.8" z="14994.5" r="50"/>
        <zone name="InfectedArmy" smin="0" smax="0" dmin="5" dmax="10" x="12267.3" z="15000" r="50"/>
        <zone name="InfectedArmy" smin="0" smax="0" dmin="5" dmax="10" x="12477.3" z="15084.5" r="50"/>
        <zone name="InfectedArmy" smin="0" smax="0" dmin="5" dmax="10" x="12660" z="15095.5" r="50"/>
        <zone name="InfectedArmy" smin="0" smax="0" dmin="5" dmax="10" x="12171.8" z="15120" r="50"/>
        <zone name="InfectedArmy" smin="0" smax="0" dmin="5" dmax="6" x="3190.91" z="8779.09" r="50"/>
    </territory>
    <territory color="2809946700">
        <zone name="InfectedVillage" smin="0" smax="0" dmin="2" dmax="4" x="1161.43" z="765" r="50"/>
        <zone name="InfectedVillage" smin="0" smax="0" dmin="10" dmax="15" x="4683.75" z="472.5" r="100"/>
        <zone name="InfectedVillage" smin="0" smax="0" dmin="10" dmax="15" x="5089.29" z="518.571" r="100"/>
        <zone name="InfectedVillage" smin="0" smax="0" dmin="10" dmax="15" x="548.571" z="2573.57" r="100"/>
        <zone name="InfectedVillage" smin="0" smax="0" dmin="10" dmax="15" x="430.714" z="2822.14" r="100"/>
        <zone name="InfectedVillage" smin="0" smax="0" dmin="10" dmax="15" x="608.571" z="3079.29" r="100"/>
        <zone name="InfectedVillage" smin="0" smax="0" dmin="10" dmax="15" x="177.857" z="2892.86" r="100"/>
        <zone name="InfectedVillage" smin="0" smax="0" dmin="10" dmax="15" x="1750.71" z="2412.86" r="100"/>
        <zone name="InfectedVillage" smin="0" smax="0" dmin="10" dmax="15" x="2048.57" z="2202.86" r="100"/>
        <zone name="InfectedVillage" smin="0" smax="0" dmin="10" dmax="15" x="2275.71" z="1902.86" r="100"/>
        <zone name="InfectedVillage" smin="0" smax="0" dmin="10" dmax="15" x="1188.75" z="3844.29" r="100"/>
        <zone name="InfectedVillage" smin="0" smax="0" dmin="10" dmax="15" x="1287.86" z="4281.43" r="100"/>
        <zone name="InfectedVillage" smin="0" smax="0" dmin="10" dmax="15" x="1710" z="4630.71" r="100"/>
        <zone name="InfectedVillage" smin="0" smax="0" dmin="10" dmax="15" x="4174.29" z="3216.43" r="100"/>
        <zone name="InfectedVillage" smin="0" smax="0" dmin="10" dmax="15" x="4425" z="3377.14" r="100"/>
        <zone name="InfectedVillage" smin="0" smax="0" dmin="10" dmax="15" x="4596.43" z="3563.57" r="100"/>
        <zone name="InfectedVillage" smin="0" smax="0" dmin="10" dmax="15" x="9325.71" z="6827.14" r="100"/>
        <zone name="InfectedVillage" smin="0" smax="0" dmin="10" dmax="15" x="9203.57" z="6482.14" r="100"/>
        <zone name="InfectedVillage" smin="0" smax="0" dmin="2" dmax="4" x="1052.14" z="235.714" r="50"/>
        <zone name="InfectedVillage" smin="0" smax="0" dmin="10" dmax="15" x="4936.67" z="451.283" r="200"/>
        <zone name="InfectedVillage" smin="0" smax="0" dmin="10" dmax="15" x="5973.33" z="876.667" r="100"/>
        <zone name="InfectedVillage" smin="0" smax="0" dmin="10" dmax="15" x="5846.67" z="1160" r="100"/>
        <zone name="InfectedVillage" smin="0" smax="0" dmin="10" dmax="15" x="6021.29" z="1085.9" r="300"/>
        <zone name="InfectedVillage" smin="0" smax="0" dmin="10" dmax="15" x="4183.33" z="3430" r="100"/>
        <zone name="InfectedVillage" smin="0" smax="0" dmin="10" dmax="15" x="11949.3" z="3266" r="100"/>
        <zone name="InfectedVillage" smin="0" smax="0" dmin="10" dmax="15" x="9450" z="1646.25" r="100"/>
        <zone name="InfectedVillage" smin="0" smax="0" dmin="10" dmax="15" x="9967.5" z="1661.25" r="100"/>
        <zone name="InfectedVillage" smin="0" smax="0" dmin="10" dmax="15" x="13068.8" z="360" r="100"/>
        <zone name="InfectedVillage" smin="0" smax="0" dmin="10" dmax="15" x="8456.25" z="2992.5" r="100"/>
        <zone name="InfectedVillage" smin="0" smax="0" dmin="10" dmax="15" x="8703.75" z="3168.75" r="100"/>
        <zone name="InfectedVillage" smin="0" smax="0" dmin="10" dmax="15" x="9003.75" z="3431.25" r="100"/>
        <zone name="InfectedVillage" smin="0" smax="0" dmin="10" dmax="15" x="9048.75" z="3236.25" r="100"/>
        <zone name="InfectedVillage" smin="0" smax="0" dmin="10" dmax="15" x="2752.5" z="705" r="100"/>
        <zone name="InfectedVillage" smin="0" smax="0" dmin="10" dmax="15" x="3066.06" z="534.808" r="200"/>
        <zone name="InfectedVillage" smin="0" smax="0" dmin="10" dmax="15" x="3566.25" z="397.5" r="100"/>
        <zone name="InfectedVillage" smin="0" smax="0" dmin="10" dmax="15" x="3742.5" z="723.75" r="100"/>
        <zone name="InfectedVillage" smin="0" smax="0" dmin="2" dmax="3" x="13395" z="1065" r="50"/>
        <zone name="InfectedVillage" smin="0" smax="0" dmin="10" dmax="15" x="3862.5" z="1200" r="100"/>
        <zone name="InfectedVillage" smin="0" smax="0" dmin="10" dmax="15" x="1188.75" z="4050" r="100"/>
        <zone name="InfectedVillage" smin="0" smax="0" dmin="10" dmax="15" x="3814.62" z="932.308" r="200"/>
        <zone name="InfectedVillage" smin="0" smax="0" dmin="10" dmax="15" x="526.154" z="2863.85" r="200"/>
        <zone name="InfectedVillage" smin="0" smax="0" dmin="10" dmax="15" x="1218.46" z="4026.92" r="200"/>
        <zone name="InfectedVillage" smin="0" smax="0" dmin="10" dmax="15" x="9500.77" z="1640.77" r="200"/>
        <zone name="InfectedVillage" smin="0" smax="0" dmin="10" dmax="15" x="9835.38" z="1647.69" r="200"/>
        <zone name="InfectedVillage" smin="0" smax="0" dmin="10" dmax="15" x="10176.9" z="1629.23" r="200"/>
        <zone name="InfectedVillage" smin="0" smax="0" dmin="10" dmax="15" x="12974.3" z="611.538" r="200"/>
        <zone name="InfectedVillage" smin="0" smax="0" dmin="10" dmax="15" x="6065" z="4610" r="100"/>
        <zone name="InfectedVillage" smin="0" smax="0" dmin="10" dmax="15" x="6085" z="4985" r="100"/>
        <zone name="InfectedVillage" smin="0" smax="0" dmin="10" dmax="15" x="6185" z="5385" r="100"/>
        <zone name="InfectedVillage" smin="0" smax="0" dmin="10" dmax="15" x="6210" z="5748" r="150"/>
        <zone name="InfectedVillage" smin="0" smax="0" dmin="10" dmax="15" x="6295" z="6155" r="100"/>
        <zone name="InfectedVillage" smin="0" smax="0" dmin="10" dmax="15" x="4860" z="6010" r="100"/>
        <zone name="InfectedVillage" smin="0" smax="0" dmin="10" dmax="15" x="4795" z="6380" r="100"/>
        <zone name="InfectedVillage" smin="0" smax="0" dmin="10" dmax="15" x="4700" z="6880" r="100"/>
        <zone name="InfectedVillage" smin="0" smax="0" dmin="10" dmax="15" x="4700" z="7215" r="100"/>
        <zone name="InfectedVillage" smin="0" smax="0" dmin="10" dmax="15" x="4750" z="7590" r="100"/>
        <zone name="InfectedVillage" smin="0" smax="0" dmin="10" dmax="15" x="4790" z="7835" r="100"/>
        <zone name="InfectedVillage" smin="0" smax="0" dmin="10" dmax="15" x="7605" z="7305" r="100"/>
        <zone name="InfectedVillage" smin="0" smax="0" dmin="10" dmax="15" x="7630" z="7570" r="100"/>
        <zone name="InfectedVillage" smin="0" smax="0" dmin="10" dmax="15" x="7705" z="7825" r="100"/>
        <zone name="InfectedArmy" smin="0" smax="0" dmin="5" dmax="12" x="14319" z="5163" r="50"/>
        <zone name="InfectedVillage" smin="0" smax="0" dmin="10" dmax="15" x="2172" z="2076" r="100"/>
        <zone name="InfectedVillage" smin="0" smax="0" dmin="10" dmax="15" x="1911" z="2331" r="100"/>
        <zone name="InfectedVillage" smin="0" smax="0" dmin="10" dmax="15" x="5182.75" z="9230.44" r="75"/>
        <zone name="InfectedVillage" smin="0" smax="0" dmin="10" dmax="15" x="4298.57" z="11322.9" r="100"/>
        <zone name="InfectedVillage" smin="0" smax="0" dmin="10" dmax="15" x="4525.71" z="11271.4" r="100"/>
        <zone name="InfectedVillage" smin="0" smax="0" dmin="10" dmax="15" x="4744.29" z="10727.1" r="100"/>
        <zone name="InfectedVillage" smin="0" smax="0" dmin="10" dmax="15" x="4281.43" z="10997.1" r="100"/>
        <zone name="InfectedVillage" smin="0" smax="0" dmin="10" dmax="15" x="4713.75" z="10871.3" r="100"/>
        <zone name="InfectedVillage" smin="0" smax="0" dmin="10" dmax="15" x="4631.25" z="11073.8" r="100"/>
        <zone name="InfectedVillage" smin="0" smax="0" dmin="10" dmax="15" x="6131.25" z="5208.75" r="100"/>
        <zone name="InfectedVillage" smin="0" smax="0" dmin="10" dmax="15" x="5040" z="210" r="100"/>
        <zone name="InfectedVillage" smin="0" smax="0" dmin="10" dmax="15" x="3686.25" z="540" r="100"/>
        <zone name="InfectedVillage" smin="0" smax="0" dmin="2" dmax="3" x="4938.75" z="8482.5" r="50"/>
        <zone name="InfectedVillage" smin="0" smax="0" dmin="10" dmax="15" x="3300" z="6297.27" r="100"/>
        <zone name="InfectedVillage" smin="0" smax="0" dmin="10" dmax="15" x="2910" z="6409.09" r="100"/>
        <zone name="InfectedVillage" smin="0" smax="0" dmin="10" dmax="15" x="3057.27" z="6190.91" r="100"/>
        <zone name="InfectedVillage" smin="0" smax="0" dmin="10" dmax="15" x="2828.18" z="5768.18" r="100"/>
        <zone name="InfectedVillage" smin="0" smax="0" dmin="10" dmax="15" x="2770.91" z="6169.09" r="100"/>
        <zone name="InfectedVillage" smin="0" smax="0" dmin="10" dmax="15" x="1892.73" z="7595.45" r="100"/>
        <zone name="InfectedVillage" smin="0" smax="0" dmin="10" dmax="15" x="1802.73" z="7742.73" r="100"/>
        <zone name="InfectedVillage" smin="0" smax="0" dmin="10" dmax="15" x="1628.18" z="7778.18" r="100"/>
        <zone name="InfectedVillage" smin="0" smax="0" dmin="10" dmax="15" x="1494.87" z="7660.91" r="100"/>
        <zone name="InfectedVillage" smin="0" smax="0" dmin="10" dmax="15" x="1617.27" z="7513.64" r="100"/>
        <zone name="InfectedVillage" smin="0" smax="0" dmin="10" dmax="15" x="1759.09" z="8165.45" r="100"/>
        <zone name="InfectedVillage" smin="0" smax="0" dmin="10" dmax="15" x="665.455" z="7180.91" r="50"/>
        <zone name="InfectedVillage" smin="0" smax="0" dmin="4" dmax="5" x="3537.27" z="9927.27" r="50"/>
        <zone name="InfectedVillage" smin="0" smax="0" dmin="4" dmax="5" x="1903.64" z="8740.91" r="50"/>
        <zone name="InfectedVillage" smin="0" smax="0" dmin="4" dmax="5" x="2904.55" z="6248.18" r="50"/>
        <zone name="InfectedVillage" smin="0" smax="0" dmin="4" dmax="5" x="2912.73" z="6060" r="50"/>
        <zone name="InfectedVillage" smin="0" smax="0" dmin="4" dmax="5" x="2803.64" z="6002.73" r="50"/>
        <zone name="InfectedVillage" smin="0" smax="0" dmin="4" dmax="5" x="3196.36" z="6092.73" r="50"/>
        <zone name="InfectedVillage" smin="0" smax="0" dmin="4" dmax="5" x="3120" z="6368.18" r="50"/>
        <zone name="InfectedVillage" smin="0" smax="0" dmin="10" dmax="15" x="1680" z="9987.27" r="100"/>
        <zone name="InfectedVillage" smin="0" smax="0" dmin="10" dmax="15" x="1576.36" z="10306.4" r="100"/>
        <zone name="InfectedVillage" smin="0" smax="0" dmin="10" dmax="15" x="1298.18" z="10385.5" r="100"/>
        <zone name="InfectedVillage" smin="0" smax="0" dmin="10" dmax="15" x="1137.27" z="10557.3" r="100"/>
        <zone name="InfectedVillage" smin="0" smax="0" dmin="10" dmax="15" x="1175.45" z="10780.9" r="100"/>
        <zone name="InfectedVillage" smin="0" smax="0" dmin="10" dmax="15" x="1434.55" z="10603.6" r="100"/>
        <zone name="InfectedVillage" smin="0" smax="0" dmin="10" dmax="15" x="256.364" z="11525.5" r="100"/>
        <zone name="InfectedVillage" smin="0" smax="0" dmin="10" dmax="15" x="354.545" z="11680.9" r="100"/>
        <zone name="InfectedVillage" smin="0" smax="0" dmin="10" dmax="15" x="499.091" z="11675.5" r="100"/>
        <zone name="InfectedVillage" smin="0" smax="0" dmin="10" dmax="15" x="760.909" z="12769.1" r="100"/>
        <zone name="InfectedVillage" smin="0" smax="0" dmin="10" dmax="15" x="891.818" z="12883.6" r="100"/>
        <zone name="InfectedVillage" smin="0" smax="0" dmin="10" dmax="15" x="845.455" z="13017.3" r="100"/>
        <zone name="InfectedVillage" smin="0" smax="0" dmin="10" dmax="15" x="870" z="13107.3" r="100"/>
        <zone name="InfectedVillage" smin="0" smax="0" dmin="10" dmax="15" x="1011.82" z="13047.3" r="100"/>
        <zone name="InfectedVillage" smin="0" smax="0" dmin="10" dmax="15" x="1060.91" z="13197.3" r="100"/>
        <zone name="InfectedVillage" smin="0" smax="0" dmin="5" dmax="6" x="610.909" z="13322.7" r="50"/>
        <zone name="InfectedVillage" smin="0" smax="0" dmin="10" dmax="15" x="1216.36" z="13328.2" r="100"/>
        <zone name="InfectedVillage" smin="0" smax="0" dmin="5" dmax="6" x="428.182" z="14642.7" r="50"/>
        <zone name="InfectedVillage" smin="0" smax="0" dmin="5" dmax="6" x="2419.09" z="14656.4" r="50"/>
        <zone name="InfectedVillage" smin="0" smax="0" dmin="10" dmax="15" x="6480" z="13932.9" r="100"/>
        <zone name="InfectedVillage" smin="0" smax="0" dmin="10" dmax="15" x="6382.86" z="13791.4" r="100"/>
        <zone name="InfectedVillage" smin="0" smax="0" dmin="10" dmax="15" x="6454.29" z="13607.1" r="100"/>
        <zone name="InfectedVillage" smin="0" smax="0" dmin="10" dmax="15" x="6615.71" z="13471.4" r="100"/>
        <zone name="InfectedVillage" smin="0" smax="0" dmin="10" dmax="15" x="6612.86" z="13630" r="100"/>
        <zone name="InfectedVillage" smin="0" smax="0" dmin="10" dmax="15" x="6644.29" z="13814.3" r="100"/>
        <zone name="InfectedVillage" smin="0" smax="0" dmin="10" dmax="15" x="9093.33" z="12125" r="100"/>
        <zone name="InfectedVillage" smin="0" smax="0" dmin="10" dmax="15" x="9001.67" z="12310" r="100"/>
        <zone name="InfectedVillage" smin="0" smax="0" dmin="10" dmax="15" x="9051.67" z="12475" r="100"/>
        <zone name="InfectedVillage" smin="0" smax="0" dmin="5" dmax="6" x="8891.67" z="13185" r="100"/>
        <zone name="InfectedVillage" smin="0" smax="0" dmin="5" dmax="10" x="4456.36" z="13150.9" r="100"/>
        <zone name="InfectedVillage" smin="0" smax="0" dmin="5" dmax="10" x="4420.91" z="13339.1" r="150"/>
        <zone name="InfectedVillage" smin="0" smax="0" dmin="5" dmax="10" x="4320" z="13524.5" r="150"/>
        <zone name="InfectedVillage" smin="0" smax="0" dmin="5" dmax="10" x="4202.73" z="13699.1" r="150"/>
        <zone name="InfectedVillage" smin="0" smax="0" dmin="5" dmax="10" x="4085.45" z="13900.9" r="150"/>
        <zone name="InfectedVillage" smin="0" smax="0" dmin="5" dmax="10" x="3970.91" z="14001.8" r="150"/>
        <zone name="InfectedVillage" smin="0" smax="0" dmin="5" dmax="10" x="3965.45" z="13595.5" r="50"/>
    </territory>
    <territory color="4287731209"/>
    <territory color="1289674462">
        <zone name="InfectedPrisoner" smin="0" smax="0" dmin="6" dmax="10" x="2274.55" z="5070" r="50"/>
        <zone name="InfectedPrisoner" smin="0" smax="0" dmin="6" dmax="10" x="2299.09" z="4914.55" r="50"/>
    </territory>
</territory-type>
