<?xml version="1.0" encoding="UTF-8" standalone="yes"?>
<events>
    <!-- Expansion content -->
    <!-- CARS -->
	<event name="VehicleUAZ">
        <nominal>4</nominal>
        <min>3</min>
        <max>18</max>
        <lifetime>518400</lifetime>
        <restock>10500</restock>
        <saferadius>500</saferadius>
        <distanceradius>500</distanceradius>
        <cleanupradius>200</cleanupradius>
        <flags deletable="0" init_random="0" remove_damaged="1"/>
        <position>fixed</position>
        <limit>mixed</limit>
        <active>0</active>
        <children>
            <child lootmax="0" lootmin="0" max="15" min="1" type="ExpansionUAZ"/>
			<child lootmax="0" lootmin="0" max="15" min="1" type="ExpansionUAZRoofless"/>
			<child lootmax="0" lootmin="0" max="15" min="1" type="ExpansionUAZCargo"/>
			<child lootmax="0" lootmin="0" max="15" min="1" type="ExpansionUAZCargoRoofless"/>
        </children>
    </event>
	<event name="VehicleVodnik">
        <nominal>1</nominal>
        <min>1</min>
        <max>2</max>
        <lifetime>518400</lifetime>
        <restock>5400</restock>
        <saferadius>500</saferadius>
        <distanceradius>500</distanceradius>
        <cleanupradius>200</cleanupradius>
        <flags deletable="0" init_random="0" remove_damaged="1"/>
        <position>fixed</position>
        <limit>mixed</limit>
        <active>0</active>
        <children>
            <child lootmax="0" lootmin="0" max="6" min="1" type="ExpansionVodnik"/>
        </children>
    </event>
	<event name="VehicleBus">
        <nominal>3</nominal>
        <min>1</min>
        <max>5</max>
        <lifetime>518400</lifetime>
        <restock>5400</restock>
        <saferadius>500</saferadius>
        <distanceradius>500</distanceradius>
        <cleanupradius>200</cleanupradius>
        <flags deletable="0" init_random="0" remove_damaged="1"/>
        <position>fixed</position>
        <limit>mixed</limit>
        <active>0</active>
        <children>
            <child lootmax="0" lootmin="0" max="5" min="1" type="ExpansionBus"/>
        </children>
    </event>
    <event name="VehicleTractor">
        <nominal>4</nominal>
        <min>1</min>
        <max>5</max>
        <lifetime>518400</lifetime>
        <restock>5400</restock>
        <saferadius>500</saferadius>
        <distanceradius>500</distanceradius>
        <cleanupradius>200</cleanupradius>
        <flags deletable="0" init_random="0" remove_damaged="1"/>
        <position>fixed</position>
        <limit>mixed</limit>
        <active>0</active>
        <children>
            <child lootmax="0" lootmin="0" max="5" min="1" type="ExpansionTractor"/>
        </children>
    </event>
	<!-- HELICOPTERS -->
	<event name="VehicleMH6Helicopter">
        <nominal>2</nominal>
        <min>1</min>
        <max>18</max>
        <lifetime>518400</lifetime>
        <restock>10500</restock>
        <saferadius>50</saferadius>
        <distanceradius>50</distanceradius>
        <cleanupradius>500</cleanupradius>
        <flags deletable="0" init_random="0" remove_damaged="1"/>
        <position>fixed</position>
        <limit>mixed</limit>
        <active>0</active>
        <children>
            <child lootmax="0" lootmin="0" max="6" min="1" type="ExpansionMh6"/>
            <child lootmax="0" lootmin="0" max="6" min="1" type="ExpansionMh6_Blueline"/>
            <child lootmax="0" lootmin="0" max="6" min="1" type="ExpansionMh6_Digital"/>			
            <child lootmax="0" lootmin="0" max="6" min="1" type="ExpansionMh6_Elliptical"/>			
            <child lootmax="0" lootmin="0" max="6" min="1" type="ExpansionMh6_Furious"/>			
	        <child lootmax="0" lootmin="0" max="6" min="1" type="ExpansionMh6_GrayWatcher"/>		
            <child lootmax="0" lootmin="0" max="6" min="1" type="ExpansionMh6_Shadow"/>			
            <child lootmax="0" lootmin="0" max="6" min="1" type="ExpansionMh6_Sheriff"/>			
            <child lootmax="0" lootmin="0" max="6" min="1" type="ExpansionMh6_Speedy"/>			
            <child lootmax="0" lootmin="0" max="6" min="1" type="ExpansionMh6_Sunset"/>			
            <child lootmax="0" lootmin="0" max="6" min="1" type="ExpansionMh6_Vrana"/>			
            <child lootmax="0" lootmin="0" max="6" min="1" type="ExpansionMh6_Wasp"/>			
            <child lootmax="0" lootmin="0" max="6" min="1" type="ExpansionMh6_Wave"/>			
            <child lootmax="0" lootmin="0" max="6" min="1" type="ExpansionMh6_Resistance"/>			
            <child lootmax="0" lootmin="0" max="6" min="1" type="ExpansionMh6_Jeans"/>	
        </children>
    </event>
	<event name="VehicleMerlinHelicopter">
        <nominal>1</nominal>
        <min>0</min>
        <max>1</max>
        <lifetime>518400</lifetime>
        <restock>10500</restock>
        <saferadius>50</saferadius>
        <distanceradius>50</distanceradius>
        <cleanupradius>500</cleanupradius>
        <flags deletable="0" init_random="0" remove_damaged="1"/>
        <position>fixed</position>
        <limit>mixed</limit>
        <active>0</active>
        <children>
            <child lootmax="0" lootmin="0" max="1" min="1" type="ExpansionMerlin"/>
        </children>
    </event>
	<event name="VehicleUh1hHelicopter">
        <nominal>1</nominal>
        <min>0</min>
        <max>15</max>
        <lifetime>518400</lifetime>
        <restock>10500</restock>
        <saferadius>50</saferadius>
        <distanceradius>50</distanceradius>
        <cleanupradius>500</cleanupradius>
        <flags deletable="0" init_random="0" remove_damaged="1"/>
        <position>fixed</position>
        <limit>mixed</limit>
        <active>0</active>
        <children>
            <child lootmax="0" lootmin="0" max="3" min="1" type="ExpansionUh1h"/>
            <child lootmax="0" lootmin="0" max="3" min="1" type="ExpansionUh1h_Civilian"/>			
            <child lootmax="0" lootmin="0" max="3" min="1" type="ExpansionUh1h_Medical"/>			
            <child lootmax="0" lootmin="0" max="3" min="1" type="ExpansionUh1h_Resistance"/>			
            <child lootmax="0" lootmin="0" max="3" min="1" type="ExpansionUh1h_Uber"/>				
        </children>
    </event>
	<event name="VehicleTHEGYRO">
        <nominal>2</nominal>
        <min>1</min>
        <max>20</max>
        <lifetime>518400</lifetime>
        <restock>10500</restock>
        <saferadius>50</saferadius>
        <distanceradius>50</distanceradius>
        <cleanupradius>500</cleanupradius>
        <flags deletable="0" init_random="0" remove_damaged="1"/>
        <position>fixed</position>
        <limit>mixed</limit>
        <active>0</active>
        <children>
            <child lootmax="0" lootmin="0" max="20" min="1" type="ExpansionGyrocopter"/>
        </children>
    </event>		
	<!-- BOATS -->
	<event name="VehicleUtilityBoat">
        <nominal>2</nominal>
        <min>1</min>
        <max>4</max>
        <lifetime>518400</lifetime>
        <restock>3600</restock>
        <saferadius>500</saferadius>
        <distanceradius>500</distanceradius>
        <cleanupradius>200</cleanupradius>
        <flags deletable="0" init_random="0" remove_damaged="1"/>
        <position>fixed</position>
        <limit>mixed</limit>
        <active>0</active>
        <children>
            <child lootmax="0" lootmin="0" max="4" min="1" type="ExpansionUtilityBoat"/>
        </children>
    </event>
	<event name="VehicleZodiacBoat">
        <nominal>4</nominal>
        <min>3</min>
        <max>8</max>
        <lifetime>518400</lifetime>
        <restock>3600</restock>
        <saferadius>500</saferadius>
        <distanceradius>500</distanceradius>
        <cleanupradius>200</cleanupradius>
        <flags deletable="0" init_random="0" remove_damaged="1"/>
        <position>fixed</position>
        <limit>mixed</limit>
        <active>0</active>
        <children>
            <child lootmax="0" lootmin="0" max="8" min="1" type="ExpansionZodiacBoat"/>
        </children>
    </event>
	<!-- PLANES -->
	<event name="VehicleAn2Plane">
        <nominal>1</nominal>
        <min>0</min>
        <max>1</max>
        <lifetime>300</lifetime>
        <restock>0</restock>
        <saferadius>500</saferadius>
        <distanceradius>500</distanceradius>
        <cleanupradius>200</cleanupradius>
        <flags deletable="0" init_random="0" remove_damaged="1"/>
        <position>fixed</position>
        <limit>mixed</limit>
        <active>0</active>
        <children>
            <child lootmax="0" lootmin="0" max="1" min="1" type="ExpansionAn2"/>
        </children>
    </event>
	<event name="VehicleC130JPlane">
        <nominal>1</nominal>
        <min>0</min>
        <max>1</max>
        <lifetime>300</lifetime>
        <restock>0</restock>
        <saferadius>500</saferadius>
        <distanceradius>500</distanceradius>
        <cleanupradius>200</cleanupradius>
        <flags deletable="0" init_random="0" remove_damaged="1"/>
        <position>fixed</position>
        <limit>mixed</limit>
        <active>0</active>
        <children>
            <child lootmax="0" lootmin="0" max="1" min="1" type="ExpansionC130J"/>
        </children>
    </event>
    <!-- ANIMALS -->
	<event name="AmbientHare">
        <nominal>3</nominal>
        <min>0</min>
        <max>50</max>
        <lifetime>33</lifetime>
        <restock>15</restock>
        <saferadius>40</saferadius>
        <distanceradius>0</distanceradius>
        <cleanupradius>0</cleanupradius>
        <flags deletable="0" init_random="0" remove_damaged="0"/>
        <position>fixed</position>
        <limit>mixed</limit>
        <active>0</active>
        <children>
            <child lootmax="0" lootmin="0" max="4" min="1" type="Animal_LepusEuropaeus"/>
        </children>
    </event>
</events>