﻿<?xml version="1.0" encoding="utf-8"?>
<eventposdef>
  <event name="StaticHeliCrash">
    <zone smin="1" smax="3" dmin="3" dmax="5" r="45" />
    <pos x="4181.1333" z="284.73337" a="0" />
    <pos x="4985.6123" z="1017.6123" a="0" />
    <pos x="5766.4123" z="445.86669" a="0" />
    <pos x="6019.0674" z="1034.2123" a="0" />
    <pos x="6198.8667" z="2050.8667" a="0" />
    <pos x="5629.6665" z="2404.06665" a="0" />
    <pos x="6474.6665" z="3131.7334" a="0" />
    <pos x="7458.1333" z="2555.7334" a="0" />
    <pos x="7648.1234" z="3451.7334" a="0" />
    <pos x="7705.5334" z="3797.2666" a="0" />
    <pos x="6958.6665" z="3968.1333" a="0" />
    <pos x="6919.0674" z="4685.7334" a="0" />
    <pos x="7226.1333" z="5148.4111" a="0" />
    <pos x="7968.1111" z="5672.5331" a="0" />
    <pos x="8454.4111" z="5952.1234" a="0" />
    <pos x="8821.3331" z="6630.4111" a="0" />
    <pos x="9534.3331" z="6944.0671" a="0" />
    <pos x="9563.2671" z="7270.1333" a="0" />
    <pos x="11479.0664" z="5379.533" a="0" />
    <pos x="12396.6111" z="5337.6665" a="0" />
    <pos x="11901.2111" z="3540.33325" a="0" />
    <pos x="11496.5332" z="3771.7334" a="0" />
    <pos x="10440.5332" z="3577.6111" a="0" />
    <pos x="9787.0661" z="3300.2666" a="0" />
    <pos x="8810.5331" z="2644.9123" a="0" />
    <pos x="8312.4671" z="1682.8667" a="0" />
    <pos x="7362.1333" z="1288.5333" a="0" />
    <pos x="6796.8123" z="774.4111" a="0" />
    <pos x="3522.1333" z="2478.9333" a="0" />
    <pos x="2856.5335" z="3221.3335" a="0" />
    <pos x="1971.4123" z="3968.53345" a="0" />
    <pos x="1975.4667" z="4644.2666" a="0" />
    <pos x="2306.1234" z="5322.6665" a="0" />
    <pos x="497.06681" z="6112.1234" a="0" />
    <pos x="384.1234" z="5152.1234" a="0" />
    <pos x="448.1234" z="4051.2234" a="0" />
    <pos x="125.8669" z="3392.1234" a="0" />
    <pos x="473.6123" z="2376.5345" a="0" />
    <pos x="535.6672" z="1929.4667" a="0" />
    <pos x="883.2123" z="1094.4123" a="0" />
    <pos x="1555.2123" z="580.2663" a="0" />
    <pos x="2809.6123" z="454.4123" a="0" />
    <pos x="3426.1333" z="1226.6663" a="0" />
    <pos x="4812.8123" z="2150.4123" a="0" />
    <pos x="4962.1333" z="2705.06665" a="0" />
    <pos x="7849.7334" z="7822.6665" a="0" />
    <pos x="9049.3332" z="8456.6672" a="0" />
    <pos x="8059.6123" z="9465.1234" a="0" />
    <pos x="8297.7334" z="10108.7334" a="0" />
    <pos x="10825.9336" z="5690.1234" a="0" />
    <pos x="10868.3333" z="6046.9333" a="0" />
    <pos x="5369.4321" z="9455.6678" a="0" />
    <pos x="4744.4671" z="10424.4321" a="0" />
    <pos x="4139.2321" z="10944.4321" a="0" />
    <pos x="3927.46655" z="11594.667" a="0" />
    <pos x="4140.3214" z="11645.5332" a="0" />
    <pos x="5280.2666" z="9188.0664" a="0" />
    <pos x="5353.5331" z="8802.9346" a="0" />
    <pos x="5846.4321" z="7080.7334" a="0" />
    <pos x="5855.6665" z="6430.4675" a="0" />
    <pos x="4447.2666" z="6631.1333" a="0" />
    <pos x="3662.4665" z="6308.2666" a="0" />
    <pos x="7065.3335" z="6065.3335" a="0" />
  </event>
  <event name="StaticC130JCrash">
    <zone smin="1" smax="3" dmin="3" dmax="5" r="45" />
    <pos x="4561.7832" z="10239.3214.00" a="-1" />
    <pos x="7667.7458" z="8716.1009" a="-1" />
    <pos x="8478.3012" z="6855.1421" a="-1" />
    <pos x="5969.1215" z="6256.9724" a="-1" />
    <pos x="5296.9112" z="5341.9521" a="-1" />
    <pos x="2963.3442" z="1155.2134" a="-1" />
    <pos x="9050.6423" z="3034.5058" a="-1" />
    <pos x="4709.3198" z="5647.0923" a="-1" />
    <pos x="3856.6423" z="4861.5058" a="-1" />
    <pos x="2755.3198" z="5142.0923" a="-1" />
    <pos x="720.31981" z="8275.0923" a="-1" />	
  </event>  
  <event name="StaticPoliceCar">
    <pos x="4328.5332" z="4238.9335" a="0" />
    <pos x="6777.6321" z="6278.4321" a="0" />
    <pos x="6961.0678" z="7057.0678" a="0" />
    <pos x="7556.2666" z="5476.2666" a="0" />
  </event>
  <event name="StaticChristmasTree">
  </event>
  <event name="ItemPlanks">
    <pos x="7466.6665" z="1811.2" a="0" />
    <pos x="7466.6665" z="1787.73328" a="0" />
    <pos x="7464.533" z="1858.1333" a="0" />
    <pos x="8268.8" z="2297.6" a="0" />
    <pos x="5649.067" z="2897.06665" a="0" />
    <pos x="4149.3335" z="3746.1333" a="0" />
    <pos x="4288" z="3673.6" a="0" />
    <pos x="4388.2666" z="3899.7334" a="0" />
    <pos x="2432" z="5188.2666" a="0" />
    <pos x="6254.933" z="5309.8667" a="0" />
  </event>
  <event name="VehicleOffroadHatchback">&gt;
    <pos x="9402.5612" z="6794.9512" a="-45" />
	<pos x="1094.8412" z="234.95121" a="125" />
	<pos x="2693.1234" z="2101.9512" a="-1" />
	<pos x="570.65123" z="3032.2123" a="-1" />
	<pos x="1000.1212" z="3898.1334" a="-1" />
	<pos x="1570.9612" z="4666.9112" a="-1" />
	<pos x="2502.1234" z="6034.9312" a="-1" />
	<pos x="2253.5412" z="5069.5012" a="-1" />
	<pos x="5434.5034" z="4006.2212" a="-1" />
	<pos x="6355.7435" z="1265.4213" a="-150" />
	<pos x="7247.2121" z="1455.4221" a="-125" />
	<pos x="8473.1234" z="2956.1234" a="55" />
	<pos x="9760.5366" z="1714.7612" a="-165" />
	<pos x="12683.612" z="2137.6812" a="-0.3" />
	<pos x="12943.3331" z="703.66671" a="-1" />
	</event>
  <event name="VehicleHatchback02">
    <pos x="13104.1211" z="441.3333" a="-1" />
    <pos x="10551.4311" z="1744.533" a="-1" />
    <pos x="7759.1231" z="1847.1671" a="-1" />
    <pos x="1145.2612" z="727.35312" a="135" />
    <pos x="532.01711" z="2643.2221" a="-125" />
    <pos x="1212.9912" z="3750.8721" a="-1" />
    <pos x="5219.6621" z="9054.5212" a="-1" />
    <pos x="4992.8123" z="10108.213" a="-25" />
    <pos x="4211.1432" z="11466.601" a="-1" />
    <pos x="4546.8611" z="10484.701" a="-1" />
  </event>
  <event name="VehicleCivilianSedan">
    <pos x="4549.1333" z="3499.46655" a="-1" />
    <pos x="5629.2667" z="2901.93665" a="30" />
    <pos x="7208.3235" z="1989.5834" a="175" />
    <pos x="6312.3235" z="1221.96328" a="-1" />
    <pos x="7421.0166" z="1580.8911" a="-1" />
    <pos x="6352.9165" z="5896.1812" a="-85" />
    <pos x="7669.4912" z="7751.4221" a="-1" />
    <pos x="7715.2121" z="8880.8812" a="175" />
  </event>
  <event name="VehicleSedan02">
    <pos x="13772.4123" z="3723.123" a="-1" />
    <pos x="6184.8123" z="2335.7612" a="-1" />
    <pos x="10267.667" z="1666.7512" a="36" />
    <pos x="5505.2412" z="2956.8212" a="-1" />
    <pos x="8984.8412" z="3397.3566" a="-65" />
  </event>
  <event name="VehicleTruck01">
    <pos x="3882.8667" z="1185.8667" a="-1" />
    <pos x="3842.5334" z="1247.4666" a="-1" />
    <pos x="6315.7121" z="1266.1551" a="-145" />
    <pos x="6016.2525" z="2067.56667" a="150" />
    <pos x="5985.5123" z="2593.1123" a="-1" />
    <pos x="4802.5321" z="4482.1441" a="-1" />
    <pos x="9162.0712" z="6899.6521" a="-1" />
    <pos x="9194.6112" z="6541.9421" a="-1" />
    <pos x="8362.1921" z="9912.5321" a="-140" />
    <pos x="10032.546" z="1784.4178" a="-1" />
    <pos x="10324.502" z="784.34321" a="-1" />
    <pos x="12899.852" z="473.34562" a="-1" />
    <pos x="3574.5365" z="4258.8724" a="-1" />
    <pos x="13405.866" z="1088.1234" a="90" />
    <pos x="9744.3317" z="2817.1166" a="135" />
    <pos x="7813.3621" z="7195.6145" a="-1" />
    <pos x="5858.2312" z="5170.6421" a="-1" />
    <pos x="6137.6123" z="5239.4671" a="-1" />
    <pos x="5067.8547" z="4785.2135" a="-1" />
    <pos x="6223.4321" z="2056.6145" a="-40" />
    <pos x="6521.7654" z="2664.3421" a="125" />
    <pos x="5176.8121" z="618.88521" a="-125" />
    <pos x="218.88142" z="5102.4851" a="-95" />
    <pos x="1902.6954" z="8752.6254" a="-1" />
    <pos x="5664.8874" z="9314.7741" a="-1" />
    <pos x="3558.2815" z="9909.1421" a="115" />
    <pos x="5855.6231" z="9249.0202" a="-125" />
    <pos x="8036.0915" z="9923.8121" a="145" />
  </event>
	<!-- EXPANSION EVENT SPAWN POINTS -->	
	<!-- EXPANSION CARS -->
	<event name="VehicleUAZ">
		<!-- Airfield Vyvor -->
		<pos x="5419.167969" y="333.421509" z="9886.763672" a="178.721161" />
		<!-- Airfield Balota -->
		<pos x="4847.206055" y="10.586733" z="2465.876221" a="57.025002" />
		<!-- Military Base Tisy -->
		<pos x="1711.423950" y="453.369049" z="14120.800781" a="32.195831" />
		<!-- Military Base Kamensk -->
		<pos x="7743.189453" y="362.079010" z="14860.373047" a="15.953650" />
		<!-- Military Base Zeleno -->
		<pos x="2548.715088" y="191.960663" z="5198.598145" a="45.981197" />
		<!-- Military Base VMC -->
		<pos x="4544.528809" y="319.462463" z="8333.652344" a="26.989965" />
		<!-- Military Base Pavlovo -->
		<pos x="2209.268066" y="93.761986" z="3369.180420" a="45.016136" />
	</event>
	<event name="VehicleVodnik">
		<!-- Military Base Tisy -->
		<pos x="567.561096" y="503.953217" z="13655.631836" a="0.000000" />
		<!-- Plotina Tishina Dam -->
		<pos x="1159.035278" y="153.176682" z="6219.569824" a="0.000000" />
	</event>
	<event name="VehicleBus">
		<!-- Cherno Bus Station -->
		<pos x="6391.597168" y="12.033311" z="2696.855469" a="38.998974" />
		<!-- Elektro Bus Stop -->
		<pos x="10901.647461" y="5.876880" z="2813.317383" a="20.49" />
		<!-- Zeleno Bus Station -->
		<pos x="2514.898438 " y="190.492996" z="5272.000000" a="95.000023" />	
		<!-- Pustoshka Bus Stop -->
		<pos x="2907.472412 " y="331.534241" z="7308.514160" a="17.00" />	
		<!-- Servograd Bus Stop -->		
		<pos x="7912.813965 " y="117.039627" z="12669.354492" a="64.00019" />		
		<!-- Berezino Bus Stop -->		
		<pos x="12982.299805 " y="6.062156" z="8363.116211" a="-17.00" /> 	
				
	</event>
	<event name="VehicleTractor">
		<!-- Krasnostav -->
		<pos x="10869.070313" y="234.547668" z="12285.822266" a="37.827099" />
		<pos x="13465.051758" y="79.656189" z="13067.939453" a="325.00671" />
		<!-- Polyana -->
		<pos x="10665.547852" y="211.476746" z="7917.082031" a="289.703583‬" />
		<pos x="10785.945313" y="233.722229" z="8238.893555" a="164.680328" />
		<!-- Berezino -->
		<pos x="12300.703125" y="34.068638" z="9174.880859" a="0.000000" />
	</event>
	<!-- EXPANSION HELICOPTERS -->
	<event name="VehicleMH6Helicopter">
		<!-- Airfield Vyvor -->
		<pos x="4169.207031" y="338.414795" z="10990.304688" a="71.035965" />
		<!-- Prison Island -->
		<pos x="2610.090576" y="21.751432" z="1306.517334" a="14.250560" />
		<!-- Military Base Tisy -->
		<pos x="1698.941284" y="451.738586" z="14345.285156" a="0.000000" />		
	</event>
	<event name="VehicleMerlinHelicopter">
		<!-- Airfield Vyvor -->
		<pos x="4675.005859" y="342.870758" z="10362.887695" a="304.364269‬" />  <!-- UH1H or CH47 now - this is turned off-->
	</event>
	<event name="VehicleUh1hHelicopter">
		<!-- Airfield Vybor -->
		<pos x="4096.730957" y="342.045197" z="10652.285156" a="26.790075" />
		<!-- Military Base Kamensk -->
		<pos x="8007.443848" y="342.698883" z="14627.948242" a="29.346302" />
		<!-- Biathlon Arena -->
		<pos x="504.444275" y="424.994934" z="11237.218750" a="10.636043" />
		<!-- Airfield Vyvor -->
		<pos x="4675.005859" y="342.870758" z="10362.887695" a="304.364269‬" />  <!-- Possibel Merlin or CH47 as well make sure they are turned off-->		
	</event>
	<event name="VehicleTHEGYRO">
		<!-- Airfield Balota -->
		<pos x="5053.422363" y="9.767390" z="2332.870824" a="40.269878" />
		<!--NEAF-->
		<pos x="11963.0" y="140.01" z="12553.9" a="6.1" />
		<pos x="12278.0" y="140.01" z="12643.3" a="140.0" />
		<!--Cherogorsky Military-->
		<pos x="7235.79" y="32.98" z="3061.39" a="230" />
		<!--OIL RIG-->
		<pos x="6786.0" y="26.227" z="1368.04" a="360.0" />		
	</event>
	<!-- EXPANSION BOATS -->
	<event name="VehicleUtilityBoat">
		<!-- Prison Island -->
		<pos x="2694.401367" y="2.893368" z="1386.396973" a="3.000063" />
		<!-- Balota -->
		<pos x="4324.443359" y="3.187644" z="2144.913818" a="285.999825" />
		<!-- Nizhneye -->
		<pos x="13078.616211" y="3.127557" z="8249.444336" a="94.973480" />
		<!-- Berezino -->
		<pos x="13222.479492" y="3.078305" z="9997.265625" a="195.999451‬" />
	</event>
	<event name="VehicleZodiacBoat">
		<!-- Kamenka -->
		<pos x="1862.077881" y="1.035321" z="2069.190430" a="119.000206" />
	</event>
</eventposdef>