﻿<?xml version="1.0" encoding="utf-8"?>
<playerspawnpoints>
  <fresh>
    <spawn_params>
      <min_dist_infected>30.0</min_dist_infected>
      <max_dist_infected>70.0</max_dist_infected>
      <min_dist_player>25.0</min_dist_player>
      <max_dist_player>70.0</max_dist_player>
      <min_dist_static>0.5</min_dist_static>
      <max_dist_static>2.0</max_dist_static>
    </spawn_params>
    <generator_params>
      <grid_density>8</grid_density>
      <grid_width>40.0</grid_width>
      <grid_height>40.0</grid_height>
      <min_dist_static>0.5</min_dist_static>
      <max_dist_static>2.0</max_dist_static>
      <min_steepness>-45</min_steepness>
      <max_steepness>45</max_steepness>
    </generator_params>
    <generator_posbubbles>
      <pos x="3576.3214" z="875.6879" />
      <pos x="2920.5345" z="381.8669" />
      <pos x="4491.2666" z="448.2212" />
      <pos x="5525.3335" z="403.2321" />
      <pos x="6353.0674" z="595.2456" />
      <pos x="5301.3335" z="1595.7328" />
      <pos x="5272.6321" z="1895.6663" />
      <pos x="5030.8667" z="2260.1333" />
      <pos x="4107.0666" z="2573.0666" />
      <pos x="2286.9335" z="2365.8667" />
      <pos x="1556.5333" z="2488.4655" />
      <pos x="2317.8985" z="2139.2568" />
      <pos x="2041.0665" z="1993.8667" />
      <pos x="3463.9335" z="309.8638" />
      <pos x="2496.8684" z="1654.0665" />
      <pos x="2433.8667" z="1790.6548" />
	  <pos x="3621.2666" z="1183.6854" />
      <pos x="3552.3214" z="936.5333" />
      <pos x="3577.6547" z="1589.3337" />
      <pos x="3808.2587" z="1870.9335" />
      <pos x="5104.9339" z="2504.4655" />
      <pos x="4702.3335" z="710.8667" />
      <pos x="4939.1333" z="703.3331" />
      <pos x="5715.2468" z="465.0681" />
      <pos x="5600.5335" z="600.1234" />
      <pos x="6517.1333" z="985.5325" />
      <pos x="5702.4321" z="891.7337" />
    </generator_posbubbles>
  </fresh>
  <hop>
    <generator_posbubbles>&gt;
	<pos x="1800.53333" z="373.333344" />
	<pos x="3057.06665" z="339.2" />
	<pos x="4166.4" z="292.266663" />
	<pos x="5192.533" z="262.4" />
	<pos x="6231.467" z="377.6" />
	<pos x="6820.2666" z="605.866638" />
	<pos x="7707.7334" z="910.93335" />
	<pos x="8185.6" z="1205.33337" />
	<pos x="8614.4" z="1608.53333" />
	<pos x="9143.467" z="2052.2666" />
	<pos x="9900.8" z="2461.8667" />
	<pos x="11308.8" z="2867.2" />
	<pos x="11901.8662" z="3129.6" />
	<pos x="189.866669" z="2476.8" />
	<pos x="110.933334" z="3953.06665" />
	<pos x="452.266663" z="5192.533" />
	<pos x="8529.066" z="3697.06665" />
    <pos x="3576.3214" z="875.6879" />
	<pos x="2920.5345" z="381.8669" />
    <pos x="4491.2666" z="448.2212" />
	<pos x="5525.3335" z="403.2" />
	<pos x="6353.067" z="595.2" />
	<pos x="5301.3335" z="1595.73328" />
    <pos x="5272.6321" z="1895.6663" />
    <pos x="5030.8667" z="2260.1333" />
    <pos x="4107.0666" z="2573.0666" />
	<pos x="2286.93335" z="2365.8667" />
	<pos x="1556.5333" z="2488.4655" />
    <pos x="2317.8" z="2139.2" />
    <pos x="2041.06665" z="1993.8667" />
    <pos x="3463.93335" z="309.866638" />
    <pos x="2496.8684" z="1654.06665" />
    <pos x="2433.8667" z="1790.6" />
	<pos x="3621.2666" z="1183.6" />
	<pos x="3552" z="936.5333" />
	<pos x="3577.6" z="1589.33337" />
	<pos x="3808" z="1870.93335" />
    <pos x="5104.9339" z="2504.4655" />
    <pos x="4702.3335" z="710.8667" />
    <pos x="4939.1333" z="703.33331" />
	<pos x="5715.2" z="465.066681" />
    <pos x="5600.533" z="600.123" />
    <pos x="6517.1333" z="985.533325" />
	<pos x="5702.4" z="891.733337" />
	</generator_posbubbles>
  </hop>
  <travel>
    <generator_posbubbles>
      <pos x="3576.3214" z="875.6879" />
      <pos x="2920.5345" z="381.8669" />
      <pos x="4491.2666" z="448.2212" />
      <pos x="5525.3335" z="403.2123" />
      <pos x="6353.0679" z="595.2156" />
      <pos x="5301.3335" z="1595.7328" />
      <pos x="5272.6321" z="1895.6663" />
      <pos x="5030.8667" z="2260.1333" />
      <pos x="4107.0666" z="2573.0666" />
      <pos x="2286.9335" z="2365.8667" />
      <pos x="1556.5333" z="2488.4655" />
      <pos x="2317.8976" z="2139.2845" />
      <pos x="2041.0665" z="1993.8667" />
      <pos x="3463.9335" z="309.8638" />
      <pos x="2496.8684" z="1654.0665" />
      <pos x="2433.8667" z="1790.6254" />
	  <pos x="3621.2666" z="1183.6452" />
      <pos x="3552.3214" z="936.5333" />
      <pos x="3577.6325" z="1589.3337" />
      <pos x="3808.9632" z="1870.9335" />
      <pos x="5104.9339" z="2504.4655" />
      <pos x="4702.3335" z="710.8667" />
      <pos x="4939.1333" z="703.3331" />
      <pos x="5715.2232" z="465.0681" />
      <pos x="5600.5335" z="600.1234" />
      <pos x="6517.1333" z="985.5325" />
      <pos x="5702.4321" z="891.7337" />
    </generator_posbubbles>
  </travel>
</playerspawnpoints>